id,claim,doc_id,gold,pred
1,0-dimensional biomaterials show inductive properties.,31715818,NOINFO,NOINFO
3,"1,000 genomes project enables mapping of genetic sequence variation consisting of rare variants with larger penetrance effects than common variants.",14717500,SUPPORT,NOINFO
3,"1,000 genomes project enables mapping of genetic sequence variation consisting of rare variants with larger penetrance effects than common variants.",14717500,SUPPORT,NOINFO
5,1/2000 in UK have abnormal PrP positivity.,13734012,SUPPORT,NOINFO
13,5% of perinatal mortality is due to low birth weight.,1606628,NOINFO,CONTRADICT
36,A deficiency of vitamin B12 increases blood levels of homocysteine.,5152028,NOINFO,SUPPORT
42,A high microerythrocyte count raises vulnerability to severe anemia in homozygous alpha (+)- thalassemia trait subjects.,18174210,CONTRADICT,SUPPORT
42,A high microerythrocyte count raises vulnerability to severe anemia in homozygous alpha (+)- thalassemia trait subjects.,18174210,CONTRADICT,SUPPORT
48,"A total of 1,000 people in the UK are asymptomatic carriers of vCJD infection.",13734012,CONTRADICT,NOINFO
49,ADAR1 binds to Dicer to cleave pre-miRNA.,5953485,SUPPORT,SUPPORT
49,ADAR1 binds to Dicer to cleave pre-miRNA.,5953485,SUPPORT,SUPPORT
50,AIRE is expressed in some skin tumors.,12580014,SUPPORT,SUPPORT
51,ALDH1 expression is associated with better breast cancer outcomes.,45638119,CONTRADICT,CONTRADICT
53,ALDH1 expression is associated with poorer prognosis in breast cancer.,45638119,SUPPORT,SUPPORT
54,AMP-activated protein kinase (AMPK) activation increases inflammation-related fibrosis in the lungs.,49556906,CONTRADICT,CONTRADICT
54,AMP-activated protein kinase (AMPK) activation increases inflammation-related fibrosis in the lungs.,49556906,CONTRADICT,CONTRADICT
54,AMP-activated protein kinase (AMPK) activation increases inflammation-related fibrosis in the lungs.,49556906,CONTRADICT,CONTRADICT
56,APOE4 expression in iPSC-derived neurons increases AlphaBeta production and tau phosphorylation causing GABA neuron degeneration.,4709641,SUPPORT,SUPPORT
57,"APOE4 expression in iPSC-derived neurons increases AlphaBeta production and tau phosphorylation, delaying GABA neuron degeneration.",4709641,CONTRADICT,CONTRADICT
70,Activation of PPM1D suppresses p53 function.,5956380,SUPPORT,SUPPORT
70,Activation of PPM1D suppresses p53 function.,4414547,SUPPORT,SUPPORT
72,Activator-inhibitor pairs are provided dorsally by Admpchordin.,6076903,NOINFO,CONTRADICT
75,"Active H. pylori urease has a polymeric structure that compromises two subunits, UreA and UreB.",4387784,NOINFO,NOINFO
94,Albendazole is used to treat lymphatic filariasis.,1215116,NOINFO,NOINFO
99,Alizarin forms hydrogen bonds with residues involved in PGAM1 substrate binding.,18810195,NOINFO,NOINFO
100,All hematopoietic stem cells segregate their chromosomes randomly.,4381486,SUPPORT,SUPPORT
113,Angiotensin converting enzyme inhibitors are associated with increased risk for functional renal insufficiency.,6157837,SUPPORT,NOINFO
113,Angiotensin converting enzyme inhibitors are associated with increased risk for functional renal insufficiency.,6157837,SUPPORT,NOINFO
115,Anthrax spores can be disposed of easily after they are dispersed.,33872649,CONTRADICT,NOINFO
118,Antibiotic induced alterations in the gut microbiome reduce resistance against Clostridium difficile,6372244,SUPPORT,SUPPORT
118,Antibiotic induced alterations in the gut microbiome reduce resistance against Clostridium difficile,6372244,SUPPORT,SUPPORT
124,Antiretroviral therapy reduces rates of tuberculosis across a broad range of CD4 strata.,4883040,SUPPORT,NOINFO
124,Antiretroviral therapy reduces rates of tuberculosis across a broad range of CD4 strata.,4883040,SUPPORT,NOINFO
127,Arginine 90 in p150n is important for interaction with EB1.,21598000,NOINFO,NOINFO
128,Arterioles have a larger lumen diameter than venules.,8290953,NOINFO,NOINFO
129,Articles published in open access format are less likely to be cited than traditional journals.,27768226,CONTRADICT,CONTRADICT
129,Articles published in open access format are less likely to be cited than traditional journals.,27768226,CONTRADICT,CONTRADICT
129,Articles published in open access format are less likely to be cited than traditional journals.,27768226,CONTRADICT,CONTRADICT
129,Articles published in open access format are less likely to be cited than traditional journals.,27768226,CONTRADICT,CONTRADICT
130,Articles published in open access format are more likely to be cited than traditional journals.,27768226,SUPPORT,SUPPORT
130,Articles published in open access format are more likely to be cited than traditional journals.,27768226,SUPPORT,SUPPORT
130,Articles published in open access format are more likely to be cited than traditional journals.,27768226,SUPPORT,SUPPORT
130,Articles published in open access format are more likely to be cited than traditional journals.,27768226,SUPPORT,SUPPORT
132,Aspirin inhibits the production of PGE2.,7975937,NOINFO,NOINFO
133,"Assembly of invadopodia is triggered by focal generation of phosphatidylinositol-3,4-biphosphate and the activation of the nonreceptor tyrosine kinase Src.",16280642,SUPPORT,SUPPORT
137,Asymptomatic visual impairment screening in elderly populations does not lead to improved vision.,26016929,SUPPORT,SUPPORT
141,Auditory entrainment is strengthened when people see congruent visual and auditory information.,14437255,SUPPORT,SUPPORT
141,Auditory entrainment is strengthened when people see congruent visual and auditory information.,14437255,SUPPORT,SUPPORT
141,Auditory entrainment is strengthened when people see congruent visual and auditory information.,14437255,SUPPORT,SUPPORT
141,Auditory entrainment is strengthened when people see congruent visual and auditory information.,14437255,SUPPORT,SUPPORT
